{"tileSize":16,"mapWidth":38,"mapHeight":14,"layers":[{"name":"New layer","tiles":[],"collider":false},{"name":"Water","tiles":[{"id":"0","x":11,"y":13},{"id":"1","x":12,"y":13},{"id":"0","x":13,"y":13},{"id":"1","x":14,"y":13},{"id":"1","x":15,"y":13}],"collider":false},{"name":"Bridge","tiles":[{"id":"2","x":14,"y":12},{"id":"2","x":13,"y":12},{"id":"2","x":12,"y":12},{"id":"2","x":11,"y":12},{"id":"2","x":15,"y":12}],"collider":true},{"name":"Ground","tiles":[{"id":"3","x":5,"y":11},{"id":"4","x":5,"y":12},{"id":"5","x":5,"y":13},{"id":"3","x":6,"y":11},{"id":"4","x":6,"y":12},{"id":"5","x":6,"y":13},{"id":"3","x":7,"y":11},{"id":"4","x":7,"y":12},{"id":"5","x":7,"y":13},{"id":"3","x":8,"y":11},{"id":"3","x":9,"y":11},{"id":"6","x":10,"y":11},{"id":"4","x":8,"y":12},{"id":"4","x":9,"y":12},{"id":"7","x":10,"y":12},{"id":"5","x":8,"y":13},{"id":"5","x":9,"y":13},{"id":"8","x":10,"y":13},{"id":"5","x":21,"y":13},{"id":"5","x":20,"y":13},{"id":"4","x":30,"y":11},{"id":"4","x":28,"y":11},{"id":"4","x":29,"y":11},{"id":"4","x":28,"y":12},{"id":"5","x":28,"y":13},{"id":"4","x":29,"y":12},{"id":"5","x":29,"y":13},{"id":"4","x":30,"y":12},{"id":"5","x":30,"y":13},{"id":"5","x":22,"y":13},{"id":"5","x":23,"y":13},{"id":"5","x":24,"y":13},{"id":"5","x":25,"y":13},{"id":"5","x":26,"y":13},{"id":"5","x":27,"y":13},{"id":"4","x":27,"y":11},{"id":"4","x":27,"y":12},{"id":"4","x":22,"y":12},{"id":"4","x":23,"y":12},{"id":"4","x":26,"y":11},{"id":"4","x":24,"y":12},{"id":"4","x":25,"y":12},{"id":"4","x":26,"y":12},{"id":"4","x":25,"y":11},{"id":"4","x":31,"y":11},{"id":"4","x":32,"y":11},{"id":"4","x":31,"y":12},{"id":"5","x":31,"y":13},{"id":"4","x":32,"y":12},{"id":"5","x":32,"y":13},{"id":"5","x":33,"y":13},{"id":"3","x":4,"y":11},{"id":"4","x":4,"y":12},{"id":"5","x":4,"y":13},{"id":"3","x":3,"y":11},{"id":"4","x":3,"y":12},{"id":"5","x":3,"y":13},{"id":"3","x":2,"y":11},{"id":"4","x":2,"y":12},{"id":"5","x":2,"y":13},{"id":"9","x":0,"y":11},{"id":"3","x":1,"y":11},{"id":"10","x":0,"y":12},{"id":"4","x":1,"y":12},{"id":"11","x":0,"y":13},{"id":"5","x":1,"y":13},{"id":"4","x":20,"y":12},{"id":"4","x":21,"y":12},{"id":"3","x":25,"y":9},{"id":"4","x":25,"y":10},{"id":"3","x":26,"y":9},{"id":"4","x":26,"y":10},{"id":"3","x":27,"y":9},{"id":"4","x":27,"y":10},{"id":"3","x":28,"y":9},{"id":"4","x":28,"y":10},{"id":"3","x":29,"y":9},{"id":"4","x":29,"y":10},{"id":"3","x":30,"y":9},{"id":"4","x":30,"y":10},{"id":"3","x":31,"y":9},{"id":"4","x":31,"y":10},{"id":"3","x":32,"y":9},{"id":"4","x":32,"y":10},{"id":"3","x":19,"y":11},{"id":"4","x":19,"y":12},{"id":"5","x":19,"y":13},{"id":"5","x":18,"y":13},{"id":"11","x":16,"y":13},{"id":"5","x":17,"y":13},{"id":"9","x":16,"y":11},{"id":"3","x":17,"y":11},{"id":"3","x":18,"y":11},{"id":"10","x":16,"y":12},{"id":"4","x":17,"y":12},{"id":"4","x":18,"y":12},{"id":"9","x":20,"y":10},{"id":"12","x":20,"y":11},{"id":"3","x":21,"y":10},{"id":"4","x":21,"y":11},{"id":"9","x":23,"y":9},{"id":"3","x":24,"y":9},{"id":"3","x":22,"y":10},{"id":"12","x":23,"y":10},{"id":"4","x":24,"y":10},{"id":"4","x":22,"y":11},{"id":"4","x":23,"y":11},{"id":"4","x":24,"y":11},{"id":"5","x":34,"y":13},{"id":"4","x":33,"y":12},{"id":"4","x":34,"y":12},{"id":"3","x":33,"y":9},{"id":"4","x":33,"y":10},{"id":"4","x":33,"y":11},{"id":"4","x":34,"y":11},{"id":"3","x":34,"y":9},{"id":"4","x":34,"y":10},{"id":"3","x":35,"y":9},{"id":"3","x":36,"y":9},{"id":"6","x":37,"y":9},{"id":"4","x":35,"y":10},{"id":"4","x":36,"y":10},{"id":"7","x":37,"y":10},{"id":"4","x":35,"y":11},{"id":"4","x":35,"y":12},{"id":"5","x":35,"y":13},{"id":"4","x":36,"y":11},{"id":"7","x":37,"y":11},{"id":"4","x":36,"y":12},{"id":"7","x":37,"y":12},{"id":"5","x":36,"y":13},{"id":"8","x":37,"y":13}],"collider":true},{"name":"Pickups","tiles":[{"id":"13","x":17,"y":10},{"id":"14","x":18,"y":10},{"id":"13","x":7,"y":9},{"id":"13","x":7,"y":8},{"id":"15","x":33,"y":5}],"collider":false},{"name":"Blocks","tiles":[{"id":"16","x":7,"y":10},{"id":"17","x":2,"y":10},{"id":"18","x":6,"y":10},{"id":"18","x":8,"y":10},{"id":"19","x":25,"y":8},{"id":"19","x":26,"y":8},{"id":"19","x":27,"y":8},{"id":"19","x":30,"y":7},{"id":"19","x":29,"y":7},{"id":"19","x":28,"y":7},{"id":"19","x":28,"y":8},{"id":"19","x":29,"y":8},{"id":"19","x":30,"y":8},{"id":"19","x":27,"y":7},{"id":"19","x":29,"y":6},{"id":"19","x":30,"y":6},{"id":"19","x":31,"y":6},{"id":"19","x":31,"y":7},{"id":"19","x":31,"y":8},{"id":"16","x":33,"y":8},{"id":"18","x":32,"y":8},{"id":"18","x":34,"y":8},{"id":"19","x":35,"y":8},{"id":"19","x":35,"y":7},{"id":"19","x":35,"y":6},{"id":"19","x":36,"y":6},{"id":"19","x":37,"y":6},{"id":"19","x":37,"y":7},{"id":"19","x":37,"y":8},{"id":"19","x":36,"y":7},{"id":"19","x":36,"y":8},{"id":"20","x":31,"y":2},{"id":"21","x":32,"y":2},{"id":"22","x":31,"y":3},{"id":"23","x":32,"y":3},{"id":"20","x":34,"y":2},{"id":"21","x":35,"y":2},{"id":"22","x":34,"y":3},{"id":"23","x":35,"y":3},{"id":"20","x":17,"y":6},{"id":"21","x":18,"y":6},{"id":"22","x":17,"y":7},{"id":"23","x":18,"y":7},{"id":"24","x":12,"y":9},{"id":"24","x":13,"y":9},{"id":"24","x":14,"y":9},{"id":"25","x":13,"y":6}],"collider":true},{"name":"Background","tiles":[{"id":"26","x":0,"y":6},{"id":"26","x":1,"y":6},{"id":"26","x":2,"y":6},{"id":"26","x":7,"y":6},{"id":"26","x":8,"y":6},{"id":"26","x":9,"y":6},{"id":"26","x":0,"y":7},{"id":"26","x":1,"y":7},{"id":"26","x":2,"y":7},{"id":"26","x":3,"y":7},{"id":"27","x":4,"y":7},{"id":"28","x":5,"y":7},{"id":"29","x":6,"y":7},{"id":"26","x":7,"y":7},{"id":"26","x":8,"y":7},{"id":"26","x":9,"y":7},{"id":"30","x":0,"y":8},{"id":"31","x":1,"y":8},{"id":"26","x":2,"y":8},{"id":"32","x":3,"y":8},{"id":"33","x":4,"y":8},{"id":"34","x":5,"y":8},{"id":"35","x":6,"y":8},{"id":"36","x":7,"y":8},{"id":"37","x":8,"y":8},{"id":"38","x":9,"y":8},{"id":"34","x":0,"y":9},{"id":"39","x":1,"y":9},{"id":"40","x":2,"y":9},{"id":"34","x":3,"y":9},{"id":"34","x":4,"y":9},{"id":"34","x":5,"y":9},{"id":"34","x":6,"y":9},{"id":"41","x":7,"y":9},{"id":"42","x":8,"y":9},{"id":"34","x":9,"y":9},{"id":"34","x":0,"y":10},{"id":"34","x":1,"y":10},{"id":"34","x":2,"y":10},{"id":"34","x":3,"y":10},{"id":"34","x":4,"y":10},{"id":"34","x":5,"y":10},{"id":"34","x":6,"y":10},{"id":"34","x":7,"y":10},{"id":"34","x":8,"y":10},{"id":"34","x":9,"y":10},{"id":"43","x":0,"y":11},{"id":"43","x":1,"y":11},{"id":"43","x":2,"y":11},{"id":"43","x":3,"y":11},{"id":"43","x":4,"y":11},{"id":"43","x":5,"y":11},{"id":"43","x":6,"y":11},{"id":"43","x":7,"y":11},{"id":"43","x":8,"y":11},{"id":"43","x":9,"y":11},{"id":"34","x":0,"y":12},{"id":"34","x":1,"y":12},{"id":"34","x":2,"y":12},{"id":"34","x":3,"y":12},{"id":"34","x":4,"y":12},{"id":"34","x":5,"y":12},{"id":"34","x":6,"y":12},{"id":"34","x":7,"y":12},{"id":"34","x":8,"y":12},{"id":"34","x":9,"y":12},{"id":"34","x":0,"y":13},{"id":"34","x":1,"y":13},{"id":"34","x":2,"y":13},{"id":"34","x":3,"y":13},{"id":"34","x":4,"y":13},{"id":"34","x":5,"y":13},{"id":"34","x":6,"y":13},{"id":"34","x":7,"y":13},{"id":"34","x":8,"y":13},{"id":"34","x":9,"y":13},{"id":"26","x":10,"y":6},{"id":"26","x":11,"y":6},{"id":"26","x":12,"y":6},{"id":"26","x":13,"y":6},{"id":"26","x":14,"y":6},{"id":"26","x":15,"y":6},{"id":"26","x":16,"y":6},{"id":"26","x":17,"y":6},{"id":"26","x":18,"y":6},{"id":"26","x":19,"y":6},{"id":"26","x":10,"y":7},{"id":"26","x":11,"y":7},{"id":"26","x":12,"y":7},{"id":"26","x":13,"y":7},{"id":"27","x":14,"y":7},{"id":"28","x":15,"y":7},{"id":"29","x":16,"y":7},{"id":"26","x":17,"y":7},{"id":"26","x":18,"y":7},{"id":"26","x":19,"y":7},{"id":"30","x":10,"y":8},{"id":"31","x":11,"y":8},{"id":"26","x":12,"y":8},{"id":"32","x":13,"y":8},{"id":"33","x":14,"y":8},{"id":"34","x":15,"y":8},{"id":"35","x":16,"y":8},{"id":"36","x":17,"y":8},{"id":"37","x":18,"y":8},{"id":"38","x":19,"y":8},{"id":"34","x":10,"y":9},{"id":"39","x":11,"y":9},{"id":"40","x":12,"y":9},{"id":"34","x":13,"y":9},{"id":"34","x":14,"y":9},{"id":"34","x":15,"y":9},{"id":"34","x":16,"y":9},{"id":"41","x":17,"y":9},{"id":"42","x":18,"y":9},{"id":"34","x":19,"y":9},{"id":"34","x":10,"y":10},{"id":"34","x":11,"y":10},{"id":"34","x":12,"y":10},{"id":"34","x":13,"y":10},{"id":"34","x":14,"y":10},{"id":"34","x":15,"y":10},{"id":"34","x":16,"y":10},{"id":"34","x":17,"y":10},{"id":"34","x":18,"y":10},{"id":"34","x":19,"y":10},{"id":"43","x":10,"y":11},{"id":"43","x":11,"y":11},{"id":"43","x":12,"y":11},{"id":"43","x":13,"y":11},{"id":"43","x":14,"y":11},{"id":"43","x":15,"y":11},{"id":"43","x":16,"y":11},{"id":"43","x":17,"y":11},{"id":"43","x":18,"y":11},{"id":"43","x":19,"y":11},{"id":"34","x":10,"y":12},{"id":"34","x":11,"y":12},{"id":"34","x":12,"y":12},{"id":"34","x":13,"y":12},{"id":"34","x":14,"y":12},{"id":"34","x":15,"y":12},{"id":"34","x":16,"y":12},{"id":"34","x":17,"y":12},{"id":"34","x":18,"y":12},{"id":"34","x":19,"y":12},{"id":"34","x":10,"y":13},{"id":"34","x":11,"y":13},{"id":"34","x":12,"y":13},{"id":"34","x":13,"y":13},{"id":"34","x":14,"y":13},{"id":"34","x":15,"y":13},{"id":"34","x":16,"y":13},{"id":"34","x":17,"y":13},{"id":"34","x":18,"y":13},{"id":"34","x":19,"y":13},{"id":"26","x":20,"y":6},{"id":"26","x":21,"y":6},{"id":"26","x":22,"y":6},{"id":"26","x":23,"y":6},{"id":"26","x":24,"y":6},{"id":"26","x":25,"y":6},{"id":"26","x":26,"y":6},{"id":"26","x":27,"y":6},{"id":"26","x":28,"y":6},{"id":"26","x":29,"y":6},{"id":"26","x":20,"y":7},{"id":"26","x":21,"y":7},{"id":"26","x":22,"y":7},{"id":"26","x":23,"y":7},{"id":"27","x":24,"y":7},{"id":"28","x":25,"y":7},{"id":"29","x":26,"y":7},{"id":"26","x":27,"y":7},{"id":"26","x":28,"y":7},{"id":"26","x":29,"y":7},{"id":"30","x":20,"y":8},{"id":"31","x":21,"y":8},{"id":"26","x":22,"y":8},{"id":"32","x":23,"y":8},{"id":"33","x":24,"y":8},{"id":"34","x":25,"y":8},{"id":"35","x":26,"y":8},{"id":"36","x":27,"y":8},{"id":"37","x":28,"y":8},{"id":"38","x":29,"y":8},{"id":"34","x":20,"y":9},{"id":"39","x":21,"y":9},{"id":"40","x":22,"y":9},{"id":"34","x":23,"y":9},{"id":"34","x":24,"y":9},{"id":"34","x":25,"y":9},{"id":"34","x":26,"y":9},{"id":"41","x":27,"y":9},{"id":"42","x":28,"y":9},{"id":"34","x":29,"y":9},{"id":"34","x":20,"y":10},{"id":"34","x":21,"y":10},{"id":"34","x":22,"y":10},{"id":"34","x":23,"y":10},{"id":"34","x":24,"y":10},{"id":"34","x":25,"y":10},{"id":"34","x":26,"y":10},{"id":"34","x":27,"y":10},{"id":"34","x":28,"y":10},{"id":"34","x":29,"y":10},{"id":"43","x":20,"y":11},{"id":"43","x":21,"y":11},{"id":"43","x":22,"y":11},{"id":"43","x":23,"y":11},{"id":"43","x":24,"y":11},{"id":"43","x":25,"y":11},{"id":"43","x":26,"y":11},{"id":"43","x":27,"y":11},{"id":"43","x":28,"y":11},{"id":"43","x":29,"y":11},{"id":"34","x":20,"y":12},{"id":"34","x":21,"y":12},{"id":"34","x":22,"y":12},{"id":"34","x":23,"y":12},{"id":"34","x":24,"y":12},{"id":"34","x":25,"y":12},{"id":"34","x":26,"y":12},{"id":"34","x":27,"y":12},{"id":"34","x":28,"y":12},{"id":"34","x":29,"y":12},{"id":"34","x":20,"y":13},{"id":"34","x":21,"y":13},{"id":"34","x":22,"y":13},{"id":"34","x":23,"y":13},{"id":"34","x":24,"y":13},{"id":"34","x":25,"y":13},{"id":"34","x":26,"y":13},{"id":"34","x":27,"y":13},{"id":"34","x":28,"y":13},{"id":"34","x":29,"y":13},{"id":"26","x":30,"y":6},{"id":"26","x":31,"y":6},{"id":"26","x":32,"y":6},{"id":"26","x":33,"y":6},{"id":"26","x":34,"y":6},{"id":"26","x":35,"y":6},{"id":"26","x":36,"y":6},{"id":"26","x":37,"y":6},{"id":"26","x":30,"y":7},{"id":"26","x":31,"y":7},{"id":"26","x":32,"y":7},{"id":"26","x":33,"y":7},{"id":"27","x":34,"y":7},{"id":"28","x":35,"y":7},{"id":"29","x":36,"y":7},{"id":"26","x":37,"y":7},{"id":"30","x":30,"y":8},{"id":"31","x":31,"y":8},{"id":"26","x":32,"y":8},{"id":"32","x":33,"y":8},{"id":"33","x":34,"y":8},{"id":"34","x":35,"y":8},{"id":"35","x":36,"y":8},{"id":"36","x":37,"y":8},{"id":"34","x":30,"y":9},{"id":"39","x":31,"y":9},{"id":"40","x":32,"y":9},{"id":"34","x":33,"y":9},{"id":"34","x":34,"y":9},{"id":"34","x":35,"y":9},{"id":"34","x":36,"y":9},{"id":"41","x":37,"y":9},{"id":"34","x":30,"y":10},{"id":"34","x":31,"y":10},{"id":"34","x":32,"y":10},{"id":"34","x":33,"y":10},{"id":"34","x":34,"y":10},{"id":"34","x":35,"y":10},{"id":"34","x":36,"y":10},{"id":"34","x":37,"y":10},{"id":"43","x":30,"y":11},{"id":"43","x":31,"y":11},{"id":"43","x":32,"y":11},{"id":"43","x":33,"y":11},{"id":"43","x":34,"y":11},{"id":"43","x":35,"y":11},{"id":"43","x":36,"y":11},{"id":"43","x":37,"y":11},{"id":"34","x":30,"y":12},{"id":"34","x":31,"y":12},{"id":"34","x":32,"y":12},{"id":"34","x":33,"y":12},{"id":"34","x":34,"y":12},{"id":"34","x":35,"y":12},{"id":"34","x":36,"y":12},{"id":"34","x":37,"y":12},{"id":"34","x":30,"y":13},{"id":"34","x":31,"y":13},{"id":"34","x":32,"y":13},{"id":"34","x":33,"y":13},{"id":"34","x":34,"y":13},{"id":"34","x":35,"y":13},{"id":"34","x":36,"y":13},{"id":"34","x":37,"y":13},{"id":"26","x":3,"y":6},{"id":"26","x":4,"y":6},{"id":"26","x":5,"y":6},{"id":"26","x":6,"y":6},{"id":"26","x":0,"y":5},{"id":"26","x":1,"y":5},{"id":"26","x":2,"y":5},{"id":"26","x":3,"y":5},{"id":"26","x":4,"y":5},{"id":"26","x":5,"y":5},{"id":"26","x":6,"y":5},{"id":"26","x":7,"y":5},{"id":"26","x":8,"y":5},{"id":"26","x":9,"y":5},{"id":"26","x":10,"y":5},{"id":"26","x":11,"y":5},{"id":"26","x":12,"y":5},{"id":"26","x":13,"y":5},{"id":"26","x":14,"y":5},{"id":"26","x":15,"y":5},{"id":"26","x":16,"y":5},{"id":"26","x":17,"y":5},{"id":"26","x":18,"y":5},{"id":"26","x":19,"y":5},{"id":"26","x":20,"y":5},{"id":"26","x":21,"y":5},{"id":"26","x":22,"y":5},{"id":"26","x":23,"y":5},{"id":"26","x":24,"y":5},{"id":"26","x":25,"y":5},{"id":"26","x":26,"y":5},{"id":"26","x":27,"y":5},{"id":"26","x":28,"y":5},{"id":"26","x":29,"y":5},{"id":"26","x":30,"y":5},{"id":"26","x":31,"y":5},{"id":"26","x":32,"y":5},{"id":"26","x":33,"y":5},{"id":"26","x":34,"y":5},{"id":"26","x":35,"y":5},{"id":"26","x":36,"y":5},{"id":"26","x":37,"y":5},{"id":"26","x":0,"y":4},{"id":"26","x":1,"y":4},{"id":"26","x":2,"y":4},{"id":"26","x":3,"y":4},{"id":"26","x":4,"y":4},{"id":"26","x":5,"y":4},{"id":"26","x":6,"y":4},{"id":"26","x":7,"y":4},{"id":"26","x":8,"y":4},{"id":"26","x":9,"y":4},{"id":"26","x":10,"y":4},{"id":"26","x":11,"y":4},{"id":"26","x":12,"y":4},{"id":"26","x":13,"y":4},{"id":"26","x":14,"y":4},{"id":"26","x":15,"y":4},{"id":"26","x":16,"y":4},{"id":"26","x":17,"y":4},{"id":"26","x":18,"y":4},{"id":"26","x":19,"y":4},{"id":"26","x":20,"y":4},{"id":"26","x":21,"y":4},{"id":"26","x":22,"y":4},{"id":"26","x":23,"y":4},{"id":"26","x":24,"y":4},{"id":"26","x":25,"y":4},{"id":"26","x":26,"y":4},{"id":"26","x":27,"y":4},{"id":"26","x":28,"y":4},{"id":"26","x":29,"y":4},{"id":"26","x":30,"y":4},{"id":"26","x":31,"y":4},{"id":"26","x":32,"y":4},{"id":"26","x":33,"y":4},{"id":"26","x":34,"y":4},{"id":"26","x":35,"y":4},{"id":"26","x":36,"y":4},{"id":"26","x":37,"y":4},{"id":"26","x":0,"y":3},{"id":"26","x":1,"y":3},{"id":"26","x":2,"y":3},{"id":"26","x":3,"y":3},{"id":"26","x":4,"y":3},{"id":"26","x":5,"y":3},{"id":"26","x":6,"y":3},{"id":"26","x":7,"y":3},{"id":"26","x":8,"y":3},{"id":"26","x":9,"y":3},{"id":"26","x":10,"y":3},{"id":"26","x":11,"y":3},{"id":"26","x":12,"y":3},{"id":"26","x":13,"y":3},{"id":"26","x":14,"y":3},{"id":"26","x":15,"y":3},{"id":"26","x":16,"y":3},{"id":"26","x":17,"y":3},{"id":"26","x":18,"y":3},{"id":"26","x":19,"y":3},{"id":"26","x":20,"y":3},{"id":"26","x":21,"y":3},{"id":"26","x":22,"y":3},{"id":"26","x":23,"y":3},{"id":"26","x":24,"y":3},{"id":"26","x":25,"y":3},{"id":"26","x":26,"y":3},{"id":"26","x":27,"y":3},{"id":"26","x":28,"y":3},{"id":"26","x":29,"y":3},{"id":"26","x":30,"y":3},{"id":"26","x":31,"y":3},{"id":"26","x":32,"y":3},{"id":"26","x":33,"y":3},{"id":"26","x":34,"y":3},{"id":"26","x":35,"y":3},{"id":"26","x":36,"y":3},{"id":"26","x":37,"y":3},{"id":"26","x":0,"y":2},{"id":"26","x":1,"y":2},{"id":"26","x":2,"y":2},{"id":"26","x":3,"y":2},{"id":"26","x":4,"y":2},{"id":"26","x":5,"y":2},{"id":"26","x":6,"y":2},{"id":"26","x":7,"y":2},{"id":"26","x":8,"y":2},{"id":"26","x":9,"y":2},{"id":"26","x":10,"y":2},{"id":"26","x":11,"y":2},{"id":"26","x":12,"y":2},{"id":"26","x":13,"y":2},{"id":"26","x":14,"y":2},{"id":"26","x":15,"y":2},{"id":"26","x":16,"y":2},{"id":"26","x":17,"y":2},{"id":"26","x":18,"y":2},{"id":"26","x":19,"y":2},{"id":"26","x":20,"y":2},{"id":"26","x":21,"y":2},{"id":"26","x":22,"y":2},{"id":"26","x":23,"y":2},{"id":"26","x":24,"y":2},{"id":"26","x":25,"y":2},{"id":"26","x":26,"y":2},{"id":"26","x":27,"y":2},{"id":"26","x":28,"y":2},{"id":"26","x":29,"y":2},{"id":"26","x":30,"y":2},{"id":"26","x":31,"y":2},{"id":"26","x":32,"y":2},{"id":"26","x":33,"y":2},{"id":"26","x":34,"y":2},{"id":"26","x":35,"y":2},{"id":"26","x":36,"y":2},{"id":"26","x":37,"y":2},{"id":"26","x":0,"y":1},{"id":"26","x":1,"y":1},{"id":"26","x":2,"y":1},{"id":"26","x":3,"y":1},{"id":"26","x":4,"y":1},{"id":"26","x":5,"y":1},{"id":"26","x":6,"y":1},{"id":"26","x":7,"y":1},{"id":"26","x":8,"y":1},{"id":"26","x":9,"y":1},{"id":"26","x":10,"y":1},{"id":"26","x":11,"y":1},{"id":"26","x":12,"y":1},{"id":"26","x":13,"y":1},{"id":"26","x":14,"y":1},{"id":"26","x":15,"y":1},{"id":"26","x":16,"y":1},{"id":"26","x":17,"y":1},{"id":"26","x":18,"y":1},{"id":"26","x":19,"y":1},{"id":"26","x":20,"y":1},{"id":"26","x":21,"y":1},{"id":"26","x":22,"y":1},{"id":"26","x":23,"y":1},{"id":"26","x":24,"y":1},{"id":"26","x":25,"y":1},{"id":"26","x":26,"y":1},{"id":"26","x":27,"y":1},{"id":"26","x":28,"y":1},{"id":"26","x":29,"y":1},{"id":"26","x":30,"y":1},{"id":"26","x":31,"y":1},{"id":"26","x":32,"y":1},{"id":"26","x":33,"y":1},{"id":"26","x":34,"y":1},{"id":"26","x":35,"y":1},{"id":"26","x":36,"y":1},{"id":"26","x":37,"y":1},{"id":"44","x":0,"y":0},{"id":"44","x":1,"y":0},{"id":"44","x":2,"y":0},{"id":"44","x":3,"y":0},{"id":"44","x":4,"y":0},{"id":"44","x":5,"y":0},{"id":"44","x":6,"y":0},{"id":"44","x":7,"y":0},{"id":"44","x":8,"y":0},{"id":"44","x":9,"y":0},{"id":"44","x":10,"y":0},{"id":"44","x":11,"y":0},{"id":"44","x":12,"y":0},{"id":"44","x":13,"y":0},{"id":"44","x":14,"y":0},{"id":"44","x":15,"y":0},{"id":"44","x":16,"y":0},{"id":"44","x":17,"y":0},{"id":"44","x":18,"y":0},{"id":"44","x":19,"y":0},{"id":"44","x":20,"y":0},{"id":"44","x":21,"y":0},{"id":"44","x":22,"y":0},{"id":"44","x":23,"y":0},{"id":"44","x":24,"y":0},{"id":"44","x":25,"y":0},{"id":"44","x":26,"y":0},{"id":"44","x":27,"y":0},{"id":"44","x":28,"y":0},{"id":"44","x":29,"y":0},{"id":"44","x":30,"y":0},{"id":"44","x":31,"y":0},{"id":"44","x":32,"y":0},{"id":"44","x":33,"y":0},{"id":"44","x":34,"y":0},{"id":"44","x":35,"y":0},{"id":"44","x":36,"y":0},{"id":"44","x":37,"y":0}],"collider":false}]}